id,reponse,score
14,ست,1
14,ستة,1
14,,
14,ست سور,1
14,ستة سور,1
14,سورة نوح,1
14,سورة إبراهيم,1
14,سورة هود,1
14,سورة يوسف عليه السلام,1
14,سورة يونس,1
14,سورة محمد صلى الله عليه وسلم,1
14,سورة نوح و سورة إبراهيم,1
14,سورة نوح و سورة  إبراهيم سورة هود,1
14,سورة يوسف ,1
14,محمد ,1
14,سورة يونس عليه السلام,1
14,سورة إبراهيم  عليه السلام,1
14,سورة هود عليه السلام,1
14,هناك ست سور في القرآن الكريم تحمل أسماء الأنبياء,1
14,ست سور في القرآن الكريم تحمل أسماء الأنبياء,1
14,سورة هود تعرض قصص الأنبياء,1
14,سورة يوسف تحكي قصة النبي يوسف عليه السلام,1
14,سورة محمد,1
14,هناك سورة تدعى آدم ,1
14,سورة إبراهيم تحمل اسم النبي إبراهيم عليه السلام,1
14,سورة هود تروي قصة النبي هود,1
14," ستة سورة سورة يوسف، سورة نوح، سورة يونس",1
14,"سورة يوسف، سورة نوح، سورة يونس، سورة محمد، سورة إبراهيم، سورة هود.",1
14,"سورة يوسف، سورة نوح، سورة يونس",1
14," سورة محمد، سورة إبراهيم، سورة هود.",1
14,"، سورة يونس، سورة محمد، سورة إبراهيم",1
14,"سورة نوح، سورة يونس، سورة محمد",1
14,"سورة يوسف  سورة إبراهيم، سورة هود.",1
14,ستة,1
14,ستة سورة,1
14,ست سور,1
14,"ستة سورة سور  محمد، سورة إبراهيم، سورة هود",1
14,"سورة يوسف، نوح،  يونس، محمد،  إبراهيم،  هود.",1
14,سورة يوسف.,1
14,سورة نوح.,1
14," سورة يونس،",1
14, سورة محمد,1
14," سورة إبراهيم،",1
14, وسورة هود.,1
14, يوسف.,1
14,نوح.,1
14," يونس،",1
14,محمد,1
14," إبراهيم،",1
14, هود.,1
14,"يوسف، نوح،  يونس، محمد،  إبراهيم،  هود.",1
14,"بلغ عدد سور القرآن الكريم التي سُمّيت بأسماء الأنبياء وتضمنت سيرتهم والعبرة التي نزلت بها ستّ سور، وهي؛ سورة يوسف، سورة نوح، سورة يونس، سورة محمد، سورة إبراهيم، سورة هود.",2
14," عدد سور  سُمّيت بأسماء الأنبياء  ستّ سور، وهي؛ سورة يوسف، سورة نوح، سورة يونس، سورة محمد، سورة إبراهيم، سورة هود.",2
14," عدد سور   ستّ  وهي؛ سورة يوسف، سورة نوح، سورة يونس، سورة محمد، سورة إبراهيم، سورة هود.",2
14," عدد سور  سُمّيت بأسماء الأنبياء ست سور، وهي؛ سورة يوسف، سورة نوح، سورة يونس، سورة محمد، سورة إبراهيم، سورة هود.",2
14,"ست سور، وهي؛ سورة يوسف، سورة نوح، سورة يونس، سورة محمد، سورة إبراهيم، سورة هود.",2
14," عدد  ست سور، وهي؛ سورة يوسف، سورة نوح، سورة يونس، سورة محمد، سورة إبراهيم، سورة هود.",2
14," عدد سور  سُمّيت بأسماء الأنبياء ست سور، وهي؛ سورة يوسف،نوح، يونس، محمد، إبراهيم،  هود.",2
14,"ستة  يوسف،  نوح،  يونس،  محمد، إبراهيم،  هود.",2
14,"ست  يونس، هود، نوح، محمد، يوسف، إبراهيم.",2
14," عدد ست سور، وهي؛ سورة يوسف،نوح، يونس، محمد، إبراهيم،  هود.",2
14," عدد سور  ست سور، وهي؛ سورة يوسف،نوح، يونس، محمد، إبراهيم،  هود.",2
14," عدد سور  ستّ سور، وهي؛ سورة يوسف،نوح، يونس، محمد، إبراهيم،  هود.",2
14," ستّ  سور   وهي؛ سورة يوسف،نوح، يونس، محمد، إبراهيم،  هود",2
14,"هناك ستّ سور تسمى باسماء الأنبياء، وتشمل سورة يوسف، سورة نوح، سورة يونس، سورة محمد، سورة إبراهيم، وسورة هود",2
14,"هناك ستة سور تسمى باسماء الأنبياء، وتشمل سورة يوسف، سورة نوح، سورة يونس، سورة محمد، سورة إبراهيم، وسورة هود",2
14,"هناك ست سور تسمى باسماء الأنبياء، وتشمل سورة يوسف، سورة نوح، سورة يونس، سورة محمد، سورة إبراهيم، وسورة هود",2
14,"يتمثل عدد السور التي أُطلقت أسماء الأنبياء عليها في ستّ سور، وتشمل سورة يوسف، سورة نوح، سورة يونس، سورة محمد، سورة إبراهيم، وسورة هود",2
14,"يتمثل عدد السور التي أُطلقت أسماء الأنبياء عليها في ست سور، وتشمل سورة يوسف، سورة نوح، سورة يونس، سورة محمد، سورة إبراهيم، وسورة هود",2
14,"يتمثل عدد السور التي أُطلقت أسماء الأنبياء عليها في ستة سور، وتشمل سورة يوسف، سورة نوح، سورة يونس، سورة محمد، سورة إبراهيم، وسورة هود",2
14,"يتمثل عدد السور التي أُطلقت أسماء الأنبياء عليها في ستة سور، وتشمل  يوسف،  نوح،  يونس،  محمد، سورة إبراهيم، و هود",2
14,"ستّ سور تحمل أسماء الأنبياء، وهي سورة يوسف، سورة نوح، سورة يونس، سورة محمد، سورة إبراهيم، وسورة هود",2
14,"ست سور تحمل أسماء الأنبياء، وهي سورة يوسف، سورة نوح، سورة يونس، سورة محمد، سورة إبراهيم، وسورة هود",2
14,"ستة سور تحمل أسماء الأنبياء، وهي سورة يوسف، سورة نوح، سورة يونس، سورة محمد، سورة إبراهيم، وسورة هود",2
14,"يتضمن عدد السور التي تم تسميتها باسماء الأنبياء ستّ سور، وتكون هذه السور سورة يوسف، سورة نوح، سورة يونس، سورة محمد، سورة إبراهيم، وسورة هود.",2
14,"يتضمن عدد السور التي تم تسميتها باسماء الأنبياء ست سور، وتكون هذه السور سورة يوسف، سورة نوح، سورة يونس، سورة محمد، سورة إبراهيم، وسورة هود.",2
14,"يتضمن عدد السور التي تم تسميتها باسماء الأنبياء  ستة سور، وتكون هذه السور سورة يوسف، سورة نوح، سورة يونس، سورة محمد، سورة إبراهيم، وسورة هود.",2
14,"ستّ سور تحمل أسماء الأنبياء، وتتضمن سورة يوسف، سورة نوح، سورة يونس، سورة محمد، سورة إبراهيم، وسورة هود.",2
14,"ست سور تحمل أسماء الأنبياء، وتتضمن سورة يوسف، سورة نوح، سورة يونس، سورة محمد، سورة إبراهيم، وسورة هود.",2
14,"ستة سور تحمل أسماء الأنبياء، وتتضمن  يوسف،  نوح، يونس،  محمد،  إبراهيم، و هود.",2
14,"يتألف عدد ستّ سور من أسماء الأنبياء، وتتضمن هذه السور يوسف،  نوح، يونس،  محمد،  إبراهيم، و هود.",2
14,"يتألف عدد ست سور من أسماء الأنبياء، وتتضمن  يوسف،  نوح،  يونس،  محمد،ة إبراهيم،  هود.",2
14,"يتألف عددستة سور من أسماء الأنبياء، وتتضمن هذه السور  يوسف،  نوح، يونس، سورة محمد، إبراهيم،  هود.",2
14,"ستّ سور، وهي؛ سورة يوسف،نوح، يونس، محمد، إبراهيم،  هود.",2
14,"ستسور، وهي؛ سورة يونس، هود، نوح، محمد، يوسف، إبراهيم، .",2
14,"ستة، وهي؛ سورة إبراهيم نوح  هود ،  محمد، يوسف،  ، يونس ",2
14,"ست، وهي؛ سورة يوسف،نوح، يونس، محمد، إبراهيم،  هود",2
14," سورة يوسف،نوح، يونس، محمد، إبراهيم،  هود   وهي؛ستة،.",2
14," سورة يوسف،نوح، يونس، محمد، إبراهيم،  هود   وهي ستة .",2
14," محمد، إبراهيم،  هود يوسف،نوح، يونس   وهي ست.",2
14,"يتضمن عدد ستّ سور أسماء الأنبياء، مثل  يوسف،  نوح،  يونس،  محمد،  إبراهيم، و هود",2
14,"يتضمن عدد ستسور أسماء الأنبياء، مثل  يوسف،  نوح،  يونس،  محمد،  إبراهيم، و هود",2
14,"يشمل العدد الإجمالي للسور التي أُطلقت عليها أسماء الأنبياء ستّ سور،  يوسف، نوح،  يونس،  محمد،  إبراهيم، هود",2
14,"  ست يوسف،  نوح،  يونس،  محمد، إبراهيم،  هود.",2
14,"ستة  إبراهيم نوح  هود ،  محمد، يوسف،  ، يونس عليهم السلام.",2
14,"ست  يونس، هود، نوح، محمد، يوسف، إبراهيم،د.",2
14," عدد ست سور، وهي؛ سورةإبراهيم نوح  هود ،  محمد، يوسف،  ، يونس عليهم السلام.",2
14," عدد سور  ست سور، وهي؛ سورة يوسف،نوح، يونس، محمد، إبراهيم،  هود.",2
14,"ست، وهي؛ سورة يوسف،نوح، يونس، محمد، إبراهيم،  هود",2
14," سورة يوسف،نوح، يونس، محمد، إبراهيم،  هود   وهي؛ستة،.",2
14," سورة يوسف،نوح، يونس، محمد، إبراهيم،  هود   وهي ست.",2
14," محمد، إبراهيم،  هود يوسف،نوح، يونس   وهي ست.",2
14,"هناك ستّ سور تمت تسميتها باسماء الأنبياء، وهي سورة يوسف، سورة نوح، سورة يونس، سورة محمد، سورة إبراهيم، وسورة هود.",2
14,"هناك  ست سور تمت تسميتها باسماء الأنبياء، وهي سورة يوسف، سورة نوح، سورة يونس، سورة محمد، سورة إبراهيم، وسورة هود.",2
14,"حتوي العدد الكلي للسور التي سميت بأسماء الأنبياء على ستّ سور، وتشمل يونس، هود، نوح، محمد، يوسف، إبراهيم، عليهم السلام",2
14,"حتوي العدد الكلي للسور التي سميت بأسماء الأنبياء على ست سور، وتشمل يونس، هود، نوح، محمد، يوسف، إبراهيم، عليهم السلام",2
14,واحد,0
14,اثنان,0
14,ثلاثة,0
14,أربعة,0
14,خمسة,0
14,سبعة,0
14,ثمانية,0
14,تسعة,0
14,عشرة,0
14, صالح. سيدنا شعيب عليه السلام,0
14, داوود يحيى عليه السلام,0
14, سيدنا سليمان. عليه السلام,0
14, النبي هارون عليه السلام,0
14,اسماعيل عليه السلام,0
14,النبي يعقوب عليه السلام,0
14,عيسى عليه السلام,0
14,موسى. عليه السلام,0
14,أيوب عليه السلام,0
14,إلياس. عليه السلام,0
14,إدريس عليه السلام,0
14,تسعة,0
14,عشرة,0
14,الانبياء,0
14,عليه السلام,0
14, سور,0
14,ز,0
14,,0
14,,0
14, سيدنا سليمان. ,0
14, النبي هارون ,0
14,اسماعيل,0
14,النبي يعقوب ,0
14,عيسى عليه ,0
14,موسى. عليه,0
14,أيوب عليه ام,0
16,محمد,2
16,خاتم الأنبياء والمرسلين  النبي محمد صلى الله عليه وسلم في الإسلام,2
16, النبي محمد,2
16,محمد صلى الله عليه وسلم ,2
16,محمد ,1
16,"النبي محمد صلى الله عليه وسلم حصل على لقب ""خاتم الأنبياء""، وهو النبي الذي أُرسل ليكون الختام والإتمام للرسالة الإلهية",2
16,"ر محمد صلى الله عليه وسلم خاتم الأنبياء، وهو الذي أُرسل ليكمل ويختم سلسلة الرسل والأنبيا",2
16,"محمد صلى الله عليه وسلم حصل على لقب ""خاتم الأنبياء""، مشيرًا إلى أنه النبي الأخير والمرسل الأخير من قِبَلِ الله",2
16,"محمد صلى الله عليه وسلم يتحلى بلقب ""خاتم الأنبياء"" في الإسلام، مما يعكس أهمية دوره الختامي في الرسالة الإلهية",2
16,لنبي محمد ,2
16, محمد صلى الله عليه وسلم هو خاتم النبيين,2
16,"النبي محمد صلى الله عليه وسلم يُعتبر خاتم الأنبياء والمرسلين، مما يعني أنه آخر من بعثه الله للهداية البشرية",2
16,محمد هو ختام الرسالة النبوية,2
16,لا يوجد نبي بعد النبي محمد صلى الله عليه وسلم,2
16,النبي محمد هو ختام الرسل والمرسلين في الإسلام,2
16,الإسلام يعتبر محمد صلى الله عليه وسلم خاتم الأنبياء,2
16,محمد هو النبي الذي أتمت رسالته الإلهية,2
16,محمد هو خاتم الأنبياء,2
16,لا يُنظر إلى وجود نبي بعد محمد صلى الله عليه وسلم.,2
16,النبي محمد يُعتبر الخاتم للأنبياء والمرسلين في الإسلام,2
16, يعتبر محمد النبي الأخير والمرسل الأخير,2
16,اللقب يُظهر أهمية دور محمد في هداية البشرية,2
16,محمد هو الرسول الذي أتم الله به دين الإسلام,2
16,لا نبي بعد محمد صلى الله عليه وسلم,2
16,محمد صلى الله عليه وسلم هو آخر نبي أرسله الله في الإسلام,2
16,"في الإسلام، يُؤمن بأن محمد هو النبي الأخير والخاتم",2
16,لإسلام يعلن أنه لا رسالة نبوية بعد رسالة محمد صلى الله عليه وسلم,2
16,محمد هو الختام للنبوة,2
16,"في الإسلام، يُعتبر محمد خاتم الأنبياء والمرسلين",2
16,"محمد صلى الله عليه وسلم حقق لقب ""خاتم الأنبياء"" بفضل مكمله النبوي",2
16,"في الإسلام، نبي محمد يُعتبر الختام لسلسلة الرسل الذين بعثهم الله",2
16,"محمد صلى الله عليه وسلم حقق لقب ""خاتم الأنبياء"" بعدما أُرسل",2
16,محمد هو نبي الأخير والمُختتم للرسالة النبوية,2
16,"في العقيدة الإسلامية، نعتبر محمد صلى الله عليه وسلم خاتم الأنبياء",2
16,محمد هو الرسول الذي أتمت الله بواسطته رسالته,2
16,محمد,1
16,محمد هو النبي الأخير ,2
16,محمد هو نبي الإسلام الذي أتمت به الرسالة الإلهية,2
16,نبي محمد هو الخاتم,2
16,لا  يوجد نبي بعد النبي محمد في الإسلام.,2
16,محمد صلى الله عليه وسلم هو آخر نبي,2
16,مُحَمَّدُ بْنُ عَبْدِ ٱللَّهِ,2
16, محمدبن عبد الله بن عبد المطلب,2
16,احمد,1
16,احمد  هو نبي الأخير,2
16,محمد,1
16, نبينا محمد صلى الله عليه وسلم,2
16, نبينا محمد,2
16, محمداً هو خاتم الأنبياء والمرسلين,2
16, اختار الله النبي محمد خاتم الأنبياء,2
16,"محمد"" أحسن الخلق",2
16,محمد,1
16,النبي محمد.,2
16,محمد خاتم الأنبياء.,2
16,سيدنا محمد خاتم الأنبياء.,2
16,الرسول محمد خاتم الأنبياء.,2
16,سيدنا محمد صلى الله عليه وسلم نبي الأمة.,2
16,محمد صلى الله عليه وسلم رسول الله.,2
16,محمد رسول الله.,2
16,الرسول محمد صلى الله عليه وسلم رسول الله.,2
16,النبي محمد صلى الله عليه وسلم رسول الله.,2
16,سيدنا محمد صلى الله عليه وسلم نبي الله.,2
16,خاتم الأنبياء والمرسلين هو النبي محمد صلى الله عليه وسلم,2
16,النبي محمد صلى الله عليه وسلم,2
16,سيدنا محمد صلى الله عليه وسلم,2
16,النبي الأكرم محمد صلى الله عليه وسلم,2
16,سيد الأنبياء محمد صلى الله عليه وسلم,2
16,النبي والرسول محمد صلى الله عليه وسلم,2
16,الرسول محمد صلى الله عليه وسلم,2
16,سيد المرسلين محمد صلى الله عليه وسلم,2
16,النبي الأعظم محمد صلى الله عليه وسلم,2
16,محمد رسول الله صلى الله عليه وسلم,2
16,سيد الأنبياء والمرسلين محمد صلى الله عليه وسلم,2
16,الرسول الأمين محمد صلى الله عليه وسلم,2
16,الحبيب محمد صلى الله عليه وسلم,2
16,النبي الهاشمي محمد صلى الله عليه وسلم,2
16,محمد بن عبد الله صلى الله عليه وسلم,2
16,الرسول الكريم محمد صلى الله عليه وسلم,2
16,محمد صلى الله عليه وسلم,2
16,النبي محمد,2
16,سيدنا محمد,2
16,الرسول,1
16,الرسول,1
16,سيد الأنبياء والمرسلين محمد صلى الله عليه وسلم,2
16,الرسول العظيم محمد صلى الله عليه وسلم,2
16,الرسول المبعوث محمد صلى الله عليه وسلم,2
16,النبي الطاهر محمد صلى الله عليه وسلم,2
16,النبي المصطفى محمد صلى الله عليه وسلم,2
16,النبي المجتبى محمد صلى الله عليه وسلم,2
16,النبي المصطفى محمد صلى الله عليه وسلم,2
16,النبي الشريف محمد صلى الله عليه وسلم,2
16,النبي المختار محمد صلى الله عليه وسلم,2
16, صالح. سيدنا شعيب عليه السلام,0
16, داوود يحيى عليه السلام,0
16,,0
16, سيدنا سليمان. عليه السلام,0
16, النبي هارون عليه السلام,0
16,اسماعيل عليه السلام,0
16,,0
16,النبي يعقوب عليه السلام,0
16,عيسى عليه السلام,0
16,موسى. عليه السلام,0
16,أيوب عليه السلام,0
16,إلياس. عليه السلام,0
16,إدريس عليه السلام,0
16, يوسف.,0
16, نوح.,0
16," يونس،",0
16,,0
16," إبراهيم،",0
16, هود.,0
16,ادم,0
16, ,0
16,آلشيطان,0
16,,0
16,جمل,0
16,,0
16,عبد الله,0
16,سهيل,0
16,طلحة بن عبيد الله,0
16,,0
16,أبو حفص الحنبلي,0
16,,0
16,أبو حنيفة,0
16,,0
16,مالك بن أنس,0
16,,0
16,أبو,0
16,عليه السلام,0
16,,0
16, صلى الله عليه وسلم,1
16, صلى الله عليه وسلم,1
16,أبو حفص الحنبلي,0
16,,0
16,أبو حنيفة,0
16,,0
16,مالك بن أنس,0
16,,0
16,أبو,0
16,عليه السلام,0
16,,0
10,يوزارسيف,1
10,الصديق,1
10,يوسف,2
10,نبي يوسف,2
10,النبي يوسف,2
10,نبينا يوسف,2
10,سيدنا يوسف,2
10,نبي الله يوسف,2
10,نبي الله يوسف بن يعقوب,2
10,سيدنا يوسف بن يعقوب,2
10,النبي يوسف بن يعقوب,2
10,سيدنا يوسف بن يعقوب النبي,2
10,النبي يوسف بن يعقوب الصديق,2
10,نبي الله يوسف الصديق,2
10,نبي الله يوسف بن يعقوب الصديق,2
10,سيدنا يوسف بن يعقوب الصديق,2
10,النبي يوسف بن يعقوب الصديق النبي,2
10,النبي يوسف الصديق,2
10,سيدنا يوسف الصديق,2
10,النبي يوسف الصديق بن يعقوب,2
10,نبي الله يوسف الصديق بن يعقوب,2
10,سيدنا يوسف الصديق بن يعقوب,2
10,نبي الله يوسف بن يعقوب الصديق النبي,2
10,يوسف النبي,2
10,نبي الله يوسف بن يعقوب الصديق النبي,2
10,يوسف النبي بن يعقوب,2
10,النبي يوسف النبي بن يعقوب,2
10,سيدنا يوسف النبي بن يعقوب,2
10,نبي الله يوسف النبي بن يعقوب,2
10,النبي يوسف النبي بن يعقوب الصديق,2
10,سيدنا يوسف النبي بن يعقوب الصديق,2
10,نبي الله يوسف النبي بن يعقوب الصديق,2
10,يوسف بن يعقوب الصديق,2
10,نبي الله يوسف بن يعقوب الصديق,2
10,سيدنا يوسف بن يعقوب الصديق النبي,2
10,يوسف الصديق بن يعقوب,2
10,نبي الله يوسف الصديق بن يعقوب,2
10,سيدنا يوسف الصديق بن يعقوب,2
10,النبي يوسف بن يعقوب الصديق النبي,2
10,يوسف الصديق,2
10,نبي الله يوسف الصديق بن يعقوب,2
10,سيدنا يوسف الصديق بن يعقوب,2
10,النبي يوسف بن يعقوب الصديق النبي,2
10,يوسف النبي,2
10,نبي الله يوسف بن يعقوب الصديق النبي,2
10,يوسف النبي بن يعقوب,2
10,النبي يوسف النبي بن يعقوب,2
10,سيدنا يوسف النبي بن يعقوب,2
10,نبي الله يوسف النبي بن يعقوب,2
10,النبي يوسف النبي بن يعقوب الصديق,2
10,سيدنا يوسف النبي بن يعقوب الصديق,2
10,نبي الله يوسف النبي بن يعقوب الصديق,2
10,يوسف بن يعقوب الصديق,2
10,نبي الله يوسف بن يعقوب الصديق,2
10,سيدنا يوسف بن يعقوب الصديق النبي,2
10,يوسف الصديق بن يعقوب,2
10,نبي الله يوسف الصديق بن يعقوب,2
10,سيدنا يوسف الصديق بن يعقوب,2
10,النبي يوسف بن يعقوب الصديق النبي,2
10,يوسف الصديق,2
10,نبي الله يوسف الصديق بن يعقوب,2
10,سيدنا يوسف الصديق بن يعقوب,2
10,النبي يوسف بن يعقوب الصديق النبي,2
10,يوسف النبي,2
10,نبي الله يوسف بن يعقوب الصديق النبي,2
10,يوسف النبي بن يعقوب,2
10,النبي يوسف النبي بن يعقوب,2
10,سيدنا يوسف النبي بن يعقوب,2
10,نبي الله يوسف النبي بن يعقوب,2
10,النبي يوسف النبي بن يعقوب الصديق,2
10,سيدنا يوسف النبي بن يعقوب الصديق,2
10,نبي الله يوسف النبي بن يعقوب الصديق,2
10,يوسف بن يعقوب الصديق,2
10,نبي الله يوسف بن يعقوب الصديق,2
10,سيدنا يوسف بن يعقوب الصديق النبي,2
10,يوسف الصديق بن يعقوب,2
10,نبي الله يوسف الصديق بن يعقوب,2
10,سيدنا يوسف الصديق بن يعقوب,2
10,النبي يوسف بن يعقوب الصديق النبي,2
10,يوسف الصديق,2
10,نبي الله يوسف الصديق بن يعقوب,2
10,سيدنا يوسف الصديق بن يعقوب,2
10,سيدنا يوسف بن يعقوب النبي الصديق,2
10,نبي الله يوسف بن يعقوب النبي الصديق,2
10,سيدنا يوسف بن يعقوب النبي الصديق النبي,2
10,النبي يوسف بن يعقوب النبي الصديق النبي,2
10,النبي يوسف بن يعقوب النبي الصديق,2
10,سيدنا يوسف بن يعقوب النبي الصديق,2
10,نبي الله يوسف بن يعقوب النبي الصديق,2
10,يوسف بن يعقوب النبي الصديق النبي,2
10,سيدنا يوسف بن يعقوب النبي الصديق النبي,2
10,النبي يوسف بن يعقوب النبي الصديق النبي النبي,2
10,يوسف بن يعقوب النبي الصديق النبي النبي,2
10,سيدنا يوسف بن يعقوب النبي الصديق النبي النبي,2
10,نبي الله يوسف بن يعقوب النبي الصديق النبي النبي,2
10,يوسف بن يعقوب النبي الصديق النبي النبي الصديق,2
10,سيدنا يوسف بن يعقوب النبي الصديق النبي النبي الصديق,2
10,نبي الله يوسف بن يعقوب النبي الصديق النبي النبي الصديق,2
10,يوسف بن يعقوب النبي الصديق النبي النبي الصديق النبي,2
10,سيدنا يوسف بن يعقوب النبي الصديق النبي النبي الصديق النبي,2
10,نبي الله يوسف بن يعقوب النبي الصديق النبي النبي الصديق النبي,2
10,النبي يوسف عليه السلام,2
10,النبي يوسف عليه السلام,2
10,النبي يوسف عليه السلام,2
10,النبي يوسف عليه السلام,2
10,النبي يوسف الصديق,2
10,النبي يوسف الصديق,2
10,النبي يوسف الصديق,2
10,النبي يوسف الصديق,2
10, النبي الذي كاد به إخوته ورموه في البئر وهو صغيرًا هو النبي يوسف,2
10, النبي هو يوسف,2
10, النبي هو يوسف الصديق,2
10,,0
10,موسى,0
10,,0
10,نوح,0
10,آدم,0
10,داود,0
10,سليمان,0
10,إبراهيم,0
10,محمد,0
10,عيسى,0
10,هارون,0
10,زكريا,0
10,يحيى,0
10,لوط,0
10,علي,0
10,خالد,0
10,عمر,0
10,أبو بكر,0
10,عثمان,0
10,علي بن أبي طالب,0
10,أحمد,0
10,فاطمة بنت محمد,0
10,خديجة,0
10,الحسين,0
10,علي بن الحسين,0
10,عبد الله بن الزبير,0
10,عبد الله بن عباس,0
10,سهيل,0
10,طلحة بن عبيد الله,0
23,النبي الكريم هو سيدنا هود عليه السلام,2
23,هود,2
23,النبي هود عليه السلام,2
23,نبي الله هود,2
23,سيدنا هود,2
23,نبي الله هود عليه السلام,2
23,سيدنا هود عليه السلام,2
23,هود عليه السلام,2
23,سيدنا هود عليه السلام هو النبي الذي أُرسل إلى قوم عاد,2
23,هود عليه السلام هو النبي الذي أُرسل إلى قوم عاد,2
23,نبي الله هود عليه السلام هو الذي أُرسل إلى قوم عاد,2
23,نبي الله هود هو الذي أُرسل إلى قوم عاد,2
23,النبي هود,2
23,سيدنا هود عليه السلام هو النبي الكريم الذي أُرسل إلى قوم عاد,2
23,هود عليه السلام أُرسل إلى قوم عاد,2
23,نبي الله هود عليه السلام أُرسل إلى قوم عاد,2
23,النبي هود عليه السلام أُرسل إلى قوم عاد,2
23,نبي الله هود هو الذي أُرسل إلى قوم عاد,2
23,هود عليه السلام هو النبي الذي أُرسل إلى قوم عاد,2
23,سيدنا هود هو النبي الكريم الذي أُرسل إلى قوم عاد,2
23,سيدنا هود هو النبي الكريم أُرسل إلى قوم عاد,2
23,النبي هود هو الذي أُرسل إلى قوم عاد,2
23,نبي الله هود هو النبي الكريم الذي أُرسل إلى قوم عاد,2
23,هود عليه السلام هو النبي الذي أُرسل إلى قوم عاد,2
23,سيدنا هود هو الذي أُرسل إلى قوم عاد,2
23,نبي الله هود هو النبي الكريم أُرسل إلى قوم عاد,2
23,هود هو النبي الكريم الذي أُرسل إلى قوم عاد,2
23,سيدنا هود هو النبي الكريم أُرسل إلى قوم عاد,2
23,سيدنا هود عليه السلام هو النبي الكريم أُرسل إلى قوم عاد,2
23,هود عليه السلام هو النبي الكريم الذي أُرسل إلى قوم عاد,2
23,سيدنا هود هو النبي الذي أُرسل إلى قوم عاد,2
23,نبي الله هود هو النبي الكريم أُرسل إلى قوم عاد,2
23,هود هو الذي أُرسل إلى قوم عاد,2
23,نبي الله هود عليه السلام هو النبي الكريم أُرسل إلى قوم عاد,2
23,النبي الكريم هود عليه السلام,2
23,نبي الله هود عليه السلام,2
23,النبي هود,2
23,سيدنا هود,2
23,هود عليه السلام,2
23,النبي الكريم هود,2
23,نبي الله سيدنا هود عليه السلام,2
23,سيدنا هود النبي,2
23,هود,1
23,النبي هود الكريم,2
23,نبي الله هود,2
23,سيدنا هود النبي الكريم,2
23,هود عليه السلام الذي أُرسل إلى قوم عاد,2
23,سيدنا هود عليه السلام النبي الكريم,2
23,هود النبي,2
23,نبي الله هود الكريم,2
23,النبي الكريم هود عليه السلام,2
23,نبي الله هود عليه السلام,2
23,النبي هود,2
23,سيدنا هود,2
23,هود عليه السلام,2
23,النبي الكريم هود,2
23,نبي الله سيدنا هود عليه السلام,2
23,سيدنا هود النبي,2
23,هود,1
23,النبي هود الكريم,2
23,نبي الله هود,2
23,سيدنا هود النبي الكريم,2
23,هود عليه السلام الذي أُرسل إلى قوم عاد,2
23,سيدنا هود عليه السلام النبي الكريم,2
23,هود النبي,2
23,نبي الله هود الكريم,2
23,النبي الكريم هود عليه السلام,2
23,نبي الله هود عليه السلام,2
23,النبي هود,2
23,سيدنا هود,2
23,هود عليه السلام,2
23,النبي الكريم هود,2
23,نبي الله سيدنا هود عليه السلام,2
23,سيدنا هود النبي,2
23,هود,1
23,النبي هود الكريم,2
23,نبي الله هود,2
23,سيدنا هود النبي الكريم,2
23,هود عليه السلام الذي أُرسل إلى قوم عاد,2
23,سيدنا هود عليه السلام النبي الكريم,2
23,هود النبي,2
23,نبي الله هود الكريم,2
23,النبي الكريم هود عليه السلام,2
23,نبي الله هود عليه السلام,2
23,النبي هود,2
23,سيدنا هود,2
23,هود عليه السلام,2
23,النبي الكريم هود,2
23,نبي الله سيدنا هود عليه السلام,2
23,سيدنا هود النبي,2
23,هود,1
23,النبي هود الكريم,2
23,هود,1
23,النبي الكريم محمد صلى الله عليه وسلم,0
23,النبي يوسف عليه السلام,0
23,سيدنا عيسى عليه السلام,0
23,النبي موسى عليه السلام,0
23,سيد الأنبياء محمد صلى الله عليه وسلم,0
23,النبي داود عليه السلام,0
23,سيدنا سليمان عليه السلام,0
23,النبي إسماعيل عليه السلام,0
23,سيدنا آدم عليه السلام,0
23,النبي إسحاق عليه السلام,0
23,سيدنا لوط عليه السلام,0
23,النبي هارون عليه السلام,0
23,سيدنا يعقوب عليه السلام,0
23,النبي إسحاق عليه السلام,0
23,سيدنا يونس عليه السلام,0
23,النبي إسحاق عليه السلام,0
23,سيدنا إسماعيل عليه السلام,0
23,النبي محمد صلى الله عليه وسلم,0
23,سيدنا إبراهيم عليه السلام,0
23,النبي يعقوب عليه السلام,0
23,سيدنا زكريا عليه السلام,0
23,النبي هارون عليه السلام,0
23,سيدنا يحيى عليه السلام,0
23,النبي موسى عليه السلام,0
23,سيدنا عيسى عليه السلام,0
23,النبي يوسف عليه السلام,0
23,سيدنا محمد صلى الله عليه وسلم,0
23,النبي داود عليه السلام,0
23,سيدنا هود عليه السلام النبي الكريم,0
23,ارسل النبي هود,2
23,,0
23,,0
23,,0
23,بعث الله رسوله هود إلى قوم عاد,2
23,هو نبيّ الله هود بن عبدالله بن رباح,2
23, النبي الكريم الذي أُرسل إلى قوم عاد هو النبي هود,2
23, النبي الكريم الذي أُرسل إلى قوم عاد هو  هود,2
23, النبي الكريم الذي أُرسل إلى قوم عاد هو  هود عليه السلام,2
23,النبي هود هو المرسل الى قوم عاد,2
23,بعث الله رسوله هود إلى قوم عاد,2
23,ه,0
23,هو,0
23,ود,0
23,هد,0
23,النبي هد,0
23,النبي ه,0
23,النبي هو,0
23,ارسل النبي هد,0
24,"كانت عقيدة قوم عاد مبنيةً على الضلال والشرك، فقد اتخذوا أصناماً من حجارة صنعوها بأيديهم وعبدوها من دون الله تعالى",2
24,"عقيدة قوم عاد كانت مبنية على الشرك والضلال، حيث صنعوا أصناماً وعبدوها بدلاً من الله",2
24,"قوم عاد كانوا يؤمنون بالأصنام ويعبدونها بدلاً من الله، وكانت عقيدتهم مبنية على الشرك",2
24,"عبادة قوم عاد للأصنام كانت سبباً في هلاكهم، حيث صنعوا أصناماً وعبدوها",2
24,"قوم عاد كانوا يعبدون الأصنام ويتجاوزون عن عبادة الله، وكانوا على ضلال عظيم",2
24,كانت عقيدة قوم عاد تتمثل في عبادة الأصنام والتخلي عن عبادة الله,2
24,قوم عاد أخذوا يعبدون أصناماً من صنع أيديهم وضلوا عن سبيل الله,2
24,"عبادة قوم عاد للأصنام كانت سبباً في هلاكهم، إذ اعتدوا على رسل الله",2
24,قوم عاد كانوا يتجاوزون عن عبادة الله ويعبدون الأصنام التي صنعوها,2
24,عبادة قوم عاد للأصنام كانت مصدر شركهم وضلالهم,2
24,قوم عاد كانوا يعبدون الأصنام ويرفضون عبادة الله بعد أن أرسل إليهم النبي,2
24,"عقيدة قوم عاد تضمنت عبادة الأصنام وترك عبادة الله، مما أدى إلى هلاكهم",2
24,"قوم عاد كانت عقيدتهم تتسم بالشرك، إذ كانوا يصنعون أصناماً للعبادة",2
24,عبادة قوم عاد للأصنام كانت سبباً في انحرافهم عن دين الله,2
24,"قوم عاد كانوا يؤمنون بالأصنام ويعبدونها، مما أدى إلى هلاكهم",2
24,عقيدة قوم عاد تتضمن عبادة الأصنام وتجاوز عن عبادة الله,2
24,"قوم عاد كانت عقيدتهم مبنية على الشرك، إذ كانوا يصنعون أصناماً للعبادة",2
24,عبادة قوم عاد للأصنام كانت تجسيداً لضلالهم وانحرافهم عن دين الله,2
24,"قوم عاد كانوا يعبدون الأصنام بدلاً من الله، وكانت عقيدتهم مليئة بالشرك",2
24,"عبادة قوم عاد للأصنام كانت سبباً في هلاكهم، حيث اتخذوا الأصنام آلهة",2
24,قوم عاد كانوا يعبدون الأصنام ويرفضون عبادة الله بعد أن أرسل إليهم النبي,2
24,"عقيدة قوم عاد تضمنت عبادة الأصنام وترك عبادة الله، مما أدى إلى هلاكهم",2
24,"قوم عاد كانت عقيدتهم تتسم بالشرك، إذ كانوا يصنعون أصناماً للعبادة",2
24,عبادة قوم عاد للأصنام كانت سبباً في انحرافهم عن دين الله,2
24,"قوم عاد كانوا يؤمنون بالأصنام ويعبدونها، مما أدى إلى هلاكهم",2
24,عقيدة قوم عاد تتضمن عبادة الأصنام وتجاوز عن عبادة الله,2
24,"قوم عاد كانت عقيدتهم مبنية على الشرك، إذ كانوا يصنعون أصناماً للعبادة",2
24,عبادة قوم عاد للأصنام كانت تجسيداً لضلالهم وانحرافهم عن دين الله,2
24,"قوم عاد كانوا يعبدون الأصنام بدلاً من الله، وكانت عقيدتهم مليئة بالشرك",2
24,"عبادة قوم عاد للأصنام كانت سبباً في هلاكهم، حيث اتخذوا الأصنام آلهةً",2
24,قوم عاد كانوا يتجاوزون عن عبادة الله ويعبدون الأصنام التي صنعوها,2
24,عبادة قوم عاد للأصنام كانت تجسيدًا لتفريقهم عن الله واتباعهم للأديان البدعية,2
24,"قوم عاد كانوا يؤمنون بالأصنام ويعبدونها بدلاً من الله، وكانوا على ضلال شديد",2
24,كانت عقيدة قوم عاد مبنيةً على الشرك وترك الله تعالى,2
24,قوم عاد كانوا يتجاوزون عن عبادة الله ويعبدون الأصنام التي صنعوها بأنفسهم,2
24,"عبادة قوم عاد للأصنام كانت سبباً في هلاكهم، إذ أنهم اتخذوا الأصنام أرباباً لهم",2
24,قوم عاد كانوا يتجاوزون عن عبادة الله ويعبدون الأصنام التي ابتدعوها بأنفسهم,2
24,عبادة قوم عاد للأصنام كانت تجسيداً لضلالهم وتمردهم على الله,2
24,"قوم عاد كانوا يؤمنون بالأصنام ويعبدونها بدلاً من الله، وكانوا على ضلال شديد",2
24,كانت عقيدة قوم عاد مبنيةً على الشرك وتجاوز عن عبادة الله الواحد,2
24,قوم عاد كانوا يعبدون الأصنام ويرفضون دعوة الله إلى الوحدانية,2
24,"عبادة قوم عاد للأصنام كانت سبباً في هلاكهم، إذ انحرفوا عن سبيل الله",2
24,قوم عاد كانوا يعتبرون الأصنام شركاء لله ويعبدونها إلى جانبه,2
24,عبادة قوم عاد للأصنام كانت تجسيداً لكفرهم برسل الله,2
24,قوم عاد كانوا يتجاوزون عن عبادة الله ويعبدون الأصنام التي صنعوها بأيديهم,2
24,عبادة قوم عاد للأصنام كانت تجسيدًا لتمردهم على الله ورفضهم للهداية,2
24,"قوم عاد كانوا يؤمنون بالأصنام ويعبدونها بدلاً من الله، وكانوا على ضلال شديد",2
24,كانت عقيدة قوم عاد مبنيةً على الشرك وتجاوز عن عبادة الله الحق,2
24,قوم عاد كانوا يعبدون الأصنام ويرفضون التوحيد الذي جاء به الأنبياء,2
24,"عبادة قوم عاد للأصنام كانت سبباً في هلاكهم، حيث اعترضوا رسل الله",2
24,قوم عاد كانوا يتجاوزون عن عبادة الله ويعبدون الأصنام التي صنعوها بأيديهم,2
24,عبادة قوم عاد للأصنام كانت تجسيداً لتمردهم على الله ورفضهم للهداية,2
24,"قوم عاد كانوا يؤمنون بالأصنام ويعبدونها بدلاً من الله، وكانوا على ضلال شديد",2
24,كانت عقيدة قوم عاد مبنيةً على الشرك وتجاوز عن عبادة الله الحق,2
24,قوم عاد كانوا يعبدون الأصنام ويرفضون التوحيد الذي جاء به الأنبياء,2
24,"عبادة قوم عاد للأصنام كانت سبباً في هلاكهم، حيث اعترضوا رسل الله",2
24,قوم عاد كانوا يتجاوزون عن عبادة الله ويعبدون الأصنام التي صنعوها بأيديهم,2
24,عبادة قوم عاد للأصنام كانت تجسيداً لتمردهم على الله ورفضهم للهداية,2
24,"قوم عاد كانوا يؤمنون بالأصنام ويعبدونها بدلاً من الله، وكانوا على ضلال شديد",2
24,كانت عقيدة قوم عاد مبنيةً على الشرك وتجاوز عن عبادة الله الحق,2
24,قوم عاد كانوا يعبدون الأصنام ويرفضون التوحيد الذي جاء به الأنبياء,2
24,"عبادة قوم عاد للأصنام كانت سبباً في هلاكهم، حيث اعترضوا رسل الله",2
24,قوم عاد كانوا يتجاوزون عن عبادة الله ويعبدون الأصنام التي صنعوها بأيديهم,2
24,عبادة قوم عاد للأصنام كانت تجسيداً لتمردهم على الله ورفضهم للهداية,2
24,"قوم عاد كانوا يؤمنون بالأصنام ويعبدونها بدلاً من الله، وكانوا على ضلال شديد",2
24,كانت عقيدة قوم عاد مبنيةً على الشرك وتجاوز عن عبادة الله الحق,2
24,قوم عاد كانوا يعبدون الأصنام ويرفضون التوحيد الذي جاء به الأنبياء,2
24,"عبادة قوم عاد للأصنام كانت سبباً في هلاكهم، حيث اعترضوا رسل الله",2
24,"قوم عاد كانوا يؤمنون بأنفسهم ويعبدون أصناماً صنعوها بأيديهم، مما أدى إلى هلاكهم",2
24,عبادة قوم عاد للأصنام كانت تجسيدًا لعنادهم وتمردهم على رسل الله,2
24,"كانت عقيدة قوم عاد مليئة بالشرك، حيث جعلوا الأصنام شركاء لله في العبادة",2
24,عبادة قوم عاد للأصنام كانت تعبيرًا عن تمردهم على الرسل ورفضهم لرسالة الله,2
24,قوم عاد كانوا يجحدون رسل الله ويستبدلونها بعبادة الأصنام,2
24,عقيدة قوم عاد كانت تمثل استمرارهم في عبادة الأصنام ورفضهم للتوحيد,2
24,قوم عاد كانوا يعبدون أصنامًا منحوتة بأيديهم ويتجاوزون عن رسالة الله,2
24,عبادة قوم عاد للأصنام كانت سببًا في نقضهم للوحي وتعنتهم أمام رسل الله,2
24,"كانت عقيدة قوم عاد تجمع بين الجهل والشرك، فرفضوا الهداية واعتمدوا على الأصنام",2
24,عبادة قوم عاد للأصنام كانت تجاوزًا على الرسل واستبدالًا لرسالة الله,2
24,قوم عاد كانوا يعتبرون الأصنام آلهة تستحق العبادة,2
24,عقيدة قوم عاد تتسم بالتمرد والاستمرار في عبادة الأصنام,2
24,قوم عاد كانوا يتجاوزون عن دين الله ويعبدون الأصنام بعناد,2
24,"عبادة قوم عاد للأصنام كانت سببًا في هلاكهم، حيث أصروا على الشرك",2
24,قوم عاد كانوا يتجاوزون عن دين الله ويعبدون الأصنام بعناد,2
24,عقيدة قوم عاد تتضمن رفضهم للرسل واستبدالها بعبادة الأصنام,2
24,قوم عاد كانوا يجحدون رسل الله ويستمرون في عبادة الأصنام,2
24,عبادة قوم عاد للأصنام كانت جزءًا من تمردهم على الله ورسله,2
24,كانت عقيدة قوم عاد مبنيةً على التحكم الذاتي وعبادة الأصنام,2
24,عبادة قوم عاد للأصنام كانت تجسيدًا لتمردهم وعنادهم أمام رسل الله,2
24,قوم عاد كانوا يتجاوزون عن دين الله ويعبدون الأصنام بجحود,2
24,"عقيدة قوم عاد كانت تتسم بالجهل والتمرد، فرفضوا الدعوة إلى التوحيد",2
24,قوم عاد كانوا يعتبرون الأصنام آلهة حية يجب عليهم الانحناء لها,2
24,عبادة قوم عاد للأصنام كانت تجاوزًا على الرسل وتحدًا لله,2
24,"كانت عقيدة قوم عاد مليئة بالعناد والتمرد، حيث رفضوا التوحيد",2
24,عبادة قوم عاد للأصنام كانت تجسيدًا لتمردهم وجحودهم لرسل الله,2
24,قوم عاد كانوا يتجاوزون عن دين الله ويعبدون الأصنام بعناد,2
24,عقيدة قوم عاد كانت تتضمن رفضهم للرسل واستبدالهم بالأصنام,2
24,قوم عاد كانوا يجحدون رسل الله ويستمرون في عبادة الأصنام,2
24,عبادة قوم عاد للأصنام كانت جزءًا من تمردهم على الله ورسله,2
24,كانت عقيدة قوم عاد مبنيةً على التحكم الذاتي وعبادة الأصنام,2
24,عبادة قوم عاد للأصنام كانت تجسيدًا لتمردهم وعنادهم أمام رسل الله,2
24,قوم عاد كانوا يتجاوزون عن دين الله ويعبدون الأصنام بجحود,2
24,"عقيدة قوم عاد كانت تتسم بالجهل والتمرد، فرفضوا الدعوة إلى التوحيد",2
24,قوم عاد كانوا يعتبرون الأصنام آلهة حية يجب عليهم الانحناء لها,2
24,عبادة قوم عاد للأصنام كانت تجاوزًا على الرسل وتحدًا لله,2
24,"كانت عقيدة قوم عاد مليئة بالعناد والتمرد، حيث رفضوا التوحيد",2
24,عبادة قوم عاد للأصنام كانت تجسيدًا لتمردهم وجحودهم لرسل الله,2
24,قوم عاد كانوا يتجاوزون عن دين الله ويعبدون الأصنام بعناد,2
24,عقيدة قوم عاد كانت تتضمن رفضهم للرسل واستبدالهم بالأصنام,2
24,قوم عاد كانوا يجحدون رسل الله ويستمرون في عبادة الأصنام,2
24,عبادة قوم عاد للأصنام كانت جزءًا من تمردهم على الله ورسله,2
24,كانت عقيدة قوم عاد مبنيةً على التحكم الذاتي وعبادة الأصنام,2
24,عبادة قوم عاد للأصنام كانت تجسيدًا لتمردهم وعنادهم أمام رسل الله,2
24,قوم عاد كانوا يتجاوزون عن دين الله ويعبدون الأصنام بجحود,2
24,"عقيدة قوم عاد كانت تتسم بالجهل والتمرد، فرفضوا الدعوة إلى التوحيد",2
24,قوم عاد كانوا يعتبرون الأصنام آلهة حية يجب عليهم الانحناء لها,2
24,عبادة قوم عاد للأصنام كانت تجاوزًا على الرسل وتحدًا لله,2
24,عبادة قوم عاد للأصنام كانت تجسيدًا لتمردهم وجحودهم لرسل الله,2
24,قوم عاد كانوا يتجاوزون عن دين الله ويعبدون الأصنام بعناد,2
24,عقيدة قوم عاد كانت تتضمن رفضهم للرسل واستبدالهم بالأصنام,2
24,قوم عاد كانوا يجحدون رسل الله ويستمرون في عبادة الأصنام,2
24,عبادة قوم عاد للأصنام كانت جزءًا من تمردهم على الله ورسله,2
24,كانت عقيدة قوم عاد مبنيةً على التحكم الذاتي وعبادة الأصنام,2
24,عبادة قوم عاد للأصنام كانت تجسيدًا لتمردهم وعنادهم أمام رسل الله,2
24,قوم عاد كانوا يتجاوزون عن دين الله ويعبدون الأصنام بجحود,2
24,قوم عاد كانوا يعتبرون الأصنام آلهة حية يجب عليهم الانحناء لها,2
24,كانوا قوم لا يؤمنون بالله,1
24,كان قوم كافرا,1
24,كانوا قوم يعبدون الاصنام,1
24,كانت عقيدتهم تتسم بالشرك,1
24,كانوا يجحدون رسل الله,1
24,كانت عقيدة قوم عاد مبنيةً على الشرك,1
24,عقيدة قوم عاد كانت تعتمد على الديانة المسيحية وتبني عقيدة الثالوث,0
24,"قوم عاد كانوا يعبدون الله ولكن بشكل خاطئ، حيث صنعوا صورًا لله",0
24,عبادة قوم عاد للأصنام كانت جزءًا من عقائدهم الصحيحة,0
24,قوم عاد كانوا يعتنقون الإسلام ويؤمنون بالله الواحد,0
24,عقيدة قوم عاد كانت تتسم بالتوحيد ورفض الشرك,0
24,"قوم عاد كانوا يعبدون الله والأصنام معًا، وكانت عقيدتهم متناقضة",0
24,عبادة قوم عاد للأصنام كانت جزءًا من عقائدهم الدينية,0
24,"قوم عاد كانوا يؤمنون بالله ولكن بشكل خاطئ، حيث اعتبروا الأصنام شركاء لله",0
3,سجدة السهو,2
3,سجدة السهو تأتي في حال النسيان,2
3,"عند نسيان أمر معين في الصلاة، يأتي المصلي بسجدة السهو",2
3,"في حالة الإهمال أو النسيان خلال الصلاة، يقوم المصلي بأداء سجدة السهو",2
3,سجدة السهو تكون حلاً عندما ينسى المصلي شيئًا في الصلاة,2
3,"عندما يحدث خطأ في الصلاة بسبب النسيان، يأتي المصلي بسجدة السهو",2
3,سجدة السهو تُصلى لتصحيح الأخطاء التي قد تحدث في الصلاة,2
3,"إذا كان هناك نسيان في الأداء الصحيح للصلاة، يكون سجدة السهو ضرورية",2
3,المسلم يقوم بسجدة السهو لتصحيح الأوقات التي ينسى فيها أداء أمور معينة في الصلاة,2
3,سجدة السهو تكون وسيلة لتصحيح الأوضاع التي تحدث خللًا في الصلاة,2
3,"عند نسيان المصلي لأمور معينة، يكمل الصلاة ثم يقوم بسجدة السهو",2
3,"في حالة الإغفال أثناء الصلاة، يقوم المصلي بسجدة السهو لتصحيح الوضع",2
3,سجدة السهو تعتبر وسيلة لتصحيح الأخطاء التي تحدث بسبب النسيان,2
3,"إذا تسبب النسيان في خلل في أداء الصلاة، يكون على المصلي أداء سجدة السهو",2
3,سجدة السهو تكون حلاً للأوقات التي ينسى فيها المصلي بعض الأمور في الصلاة,2
3,"عندما يحصل الإهمال في أداء الصلاة، يكون سجدة السهو هي الطريقة لتصحيح الوضع",2
3,"إذا حدث نسيان في الصلاة، يتم إكمال الصلاة ثم يأتي المصلي بسجدة السهو",2
3,سجدة السهو تكون وسيلة لتعويض الأخطاء التي قد تحدث في الصلاة بسبب النسيان,2
3,"في حالة الإهمال العرضي أثناء الصلاة، يتعين على المصلي أداء سجدة السهو",2
3,سجدة السهو تكون ضرورية عندما يحصل تقصير في الأداء الصحيح للصلاة,2
3,"إذا تسبب النسيان في تقصير أو خطأ، يكون المصلي ملزمًا بأداء سجدة السهو",2
3,"عندما يتسبب الإهمال في نقص أداء الصلاة، يكون على المصلي أداء سجدة السهو",2
3,سجدة السهو تُعتبر إجراءً لتصحيح الأوضاع التي يمكن أن تحدث في الصلاة,2
3,"في حالة النسيان أو الإغفال، يقوم المصلي بسجدة السهو لتصحيح الصلاة",2
3,سجدة السهو تُعتبر توبيخًا للنسيان في الصلاة ووسيلة للتعويض,2
3,"إذا تسبب النسيان في أي خطأ في الصلاة، يكون المصلي ملزمًا بسجدة السهو",2
3,"عندما يتعلق الأمر بالنسيان في الصلاة، يكمل المصلي الصلاة ويؤدي سجدة السهو",2
3,سجدة السهو تأتي كتعويض عن الأخطاء التي تحدث في الصلاة بسبب الإهمال,2
3,"في حالة تقصير أو إغفال في الأداء الصلاة، يتم أداء سجدة السهو",2
3,سجدة السهو تكون وسيلة لتصحيح الصلاة عندما يحدث النسيان,2
3,"إذا حدث إهمال في الصلاة، يتعين على المصلي أداء سجدة السهو",2
3,سجدة السهو تكون إجراءً لتصحيح الأخطاء التي تحدث نتيجة للنسيان,2
3,"عندما ينسى المصلي شيئًا في الصلاة، يكمل الصلاة ثم يؤدي سجدة السهو",2
3,"في حالة الإهمال، يتم أداء سجدة السهو لتصحيح الأمور في الصلاة",2
3,سجدة السهو تكون ضرورية لتصحيح الصلاة عندما يحدث النسيان,2
3,"عندما يحدث أي إغفال أو نسيان في الصلاة، يكون على المصلي أداء سجدة السهو",2
3,سجدة السهو تأتي كتصحيح للأوقات التي ينسى فيها المصلي بعض الأمور في الصلاة,2
3,"في حالة التقصير أو الإهمال، يؤدي المصلي سجدة السهو لتصحيح الصلاة",2
3,سجدة السهو تكون وسيلة لتعويض الأخطاء التي تحدث في الصلاة بسبب النسيان,2
3,"عندما ينسى المصلي أمورًا معينة في الصلاة، يؤدي سجدة السهو لتصحيح الوضع",2
3,"في حالة ترك شيء معين في الصلاة، يأتي المصلي بسجدة السهو",2
3,سجدة السهو تعتبر إجراءً لتصحيح الأوضاع التي يمكن أن تحدث في الصلاة,2
3,"في حالة الإهمال أو النسيان، يؤدي المصلي سجدة السهو لتصحيح الصلاة",2
3,سجدة السهو تأتي كتعويض للأوقات التي ينسى فيها المصلي بعض الأمور في الصلاة,2
3,"عندما يحدث إهمال في أداء الصلاة، يكون المصلي ملزمًا بأداء سجدة السهو",2
3,سجدة السهو تكون ضرورية لتصحيح الأخطاء التي قد تحدث في الصلاة بسبب النسيان,2
3,"إذا تسبب النسيان في أي خطأ في الصلاة، يكون المصلي ملزمًا بأداء سجدة السهو",2
3,"في حالة النسيان أو الإغفال، يؤدي المصلي سجدة السهو لتصحيح الصلاة",2
3,سجدة السهو تكون وسيلة لتعويض الأخطاء التي تحدث في الصلاة بسبب النسيان,2
3,"عندما يتعلق الأمر بالنسيان في الصلاة، يكمل المصلي الصلاة ويؤدي سجدة السهو",2
3,"في حالة الإهمال، يتم أداء سجدة السهو لتصحيح الأمور في الصلاة",2
3,"في حالة تقصير أو إغفال في الأداء الصلاة، يؤدي المصلي سجدة السهو",2
3,سجدة السهو تعتبر إجراءً لتصحيح الصلاة وضمان سلامتها في حالة النسيان,2
3,"إذا تسبب النسيان في أي خطأ في الصلاة، يكون المصلي ملزمًا بأداء سجدة السهو",2
3,سجدة السهو تكون وسيلة لتصحيح الأخطاء التي قد تحدث في الصلاة بسبب النسيان,2
3,"عندما يحدث أي تقصير في أداء الصلاة، يكون المصلي ملزمًا بأداء سجدة السهو",2
3,سجدة السهو تعتبر تعويضًا للأوقات التي ينسى فيها المصلي بعض الأمور في الصلاة,2
3,"في حالة النسيان، يقوم المصلي بأداء سجدة السهو لضمان صحة الصلاة",2
3,سجدة السهو تكون ضرورية لتصحيح الأوضاع في الصلاة بسبب الإهمال أو النسيان,2
3,"إذا تسبب النسيان في أي خطأ في الصلاة، يكون المصلي ملزمًا بسجدة السهو",2
3,سجدة السهو تعتبر وسيلة لتصحيح الصلاة في حالة النسيان أو الإغفال,2
3,"عندما يحدث أي إهمال في أداء الصلاة، يقوم المصلي بأداء سجدة السهو للتصحيح",2
3,"إذا كان هناك أي خطأ في الصلاة، يكمل المصلي الصلاة ويأتي بسجدة السهو",2
3,سجدة السهو تكون ضرورية لتصحيح الأخطاء التي تحدث في الصلاة بسبب الإهمال,2
3,"في حالة ترك شيء معين أو تجاوز في الصلاة، يؤدي المصلي سجدة السهو",2
3,سجدة السهو تأتي كتعويض للأمور التي قد تفوت المصلي خلال أداء الصلاة,2
3,"عندما يحدث أي إغفال في أداء الصلاة، يكون على المصلي أداء سجدة السهو",2
3,سجدة السهو تعتبر إجراءً لتصحيح الصلاة وضمان سلامتها في حالة النسيان,2
3,"إذا حدث أي تقصير في الأداء الصحيح للصلاة، يقوم المصلي بأداء سجدة السهو",2
3,سجدة السهو تكون وسيلة لتصحيح الأخطاء التي تحدث نتيجة للإهمال في الصلاة,2
3,"في حالة ترك شيء معين في الصلاة، يأتي المصلي بسجدة السهو لتعويض النقص",2
3,"عندما يتعلق الأمر بالنسيان في الصلاة، يؤدي المصلي سجدة السهو لتصحيح الأوضاع",2
3,سجدة السهو تعتبر إجراءً ضروريًا لتصحيح الصلاة في حالة النسيان,2
3,"إذا كان هناك أي إهمال في أداء الصلاة، يكون المصلي ملزمًا بأداء سجدة السهو",2
3,سجدة السهو تكون وسيلة لتصحيح أي تقصير أو نسيان في أداء الصلاة,2
3,"عندما يحدث خطأ غير مقصود في الصلاة، يُقدم المصلي سجدة السهو",2
3, السهو,2
3, سهو,2
3,السجدة التي يأتي بها المصلي في حالة النسيان هي سجدة الركوب,0
3,"عندما ينسى المصلي شيئًا في الصلاة، يؤدي سجدة الانقلاب",0
3,سجدة الدوران,0
3,"في حالة الإهمال أثناء الصلاة، يتم أداء سجدة الدوران",0
3,السجدة المناسبة للنسيان هي سجدة القفز العالي,0
3,نسيان ,0
3,المصلي يؤدي سجدة الركلة عندما ينسى جزءًا من الصلاة,0
3,"في حالة الإغفال، يعمد المصلي إلى سجدة الوتدة",0
3,سجود السهو,2
3,ليس لدي أدنى فكرة ,0
3,ليس لدي معلومة,0
3,ليس لدي فكرة ,0
3,لا أعرف ,0
3,سجدة نسيان ,0
3,السجدة التي يأتي بها المصلي في حالة نسيان في أمور معينة أثناء الصلاة هي سجدة النسيان,0
3,"إذا كان هناك نسيان في الأداء الصحيح للصلاة، يكون سجدة النسيان ضرورية",0
3,سجدة,0
3,سجدة 2,0
3,سجدة  لتصحيح,0
3,سجدة تكون ضرورية لتصحيح الأخطاء,0
3,سجدة   الإغفال,0
3,ساهو,0
8,غزوة بدر,2
8,الغزوة التي قادها المسلمون في رمضان هي غزوة بدر,2
8,الغزوة اسمها بدر,2
8,الغزوة اسمها غزوة بدر,2
8,اسمها غزوة بدر,2
8,اسمها بدر ,2
8,أول غزوة هي غزوة بدر,2
8,أول غزوة هي بدر ,2
8,تدعى غزوة بدر ,2
8,اسم الغزوة غزوة بدر,2
8,انها غزوة بدر ,2
8,ان غزوة بدر هي اول غزوة قادها المسلمون في رمضان,2
8,الجواب الصحيح هو غزوة بدر ,2
8,غزوة حنين ,0
8,غزوة أحد,0
8, الجواب هو بدر,2
8,الجواب هو غزوة بدر,2
8,جواب السؤال هو غزوة بدر,2
8,تدعى غزوة بدر,2
8, أول غزوة فادها المسلمون في رمضان هي غزوة بدر,2
8,لا أعلم,0
8,لا أعرف,0
8,لا أعرف الاجابة,0
8,انها غزوة بدر,2
8,أول غزوة نفذها المسلمون في شهر رمضان كانت غزوة البدر,2
8,المسلمون شنوا أول غزوة في شهر رمضان وكانت تسمى غزوة البدر,2
8,غزوة البدر كانت الغزوة الأولى التي قادها المسلمون في شهر رمضان,2
8,"في رمضان، نفذ المسلمون غزوة البدر كأول غزوة لهم",2
8,غزوة البدر هي الغزوة الأولى التي قادها المسلمون في شهر رمضان,2
8,غزوة البدر هي الغزوة الأولى التي قادها المسلمون في شهر رمضان,2
8,المسلمون شنوا غزوة البدر كأول غزوة في شهر رمضان,2
8,غزوة البدر,2
8,غزوة  بدر,2
8,بدر,2
8,غزوة البدر كانت الغزوة الأولى للمسلمين في رمضان,2
8,المسلمون قادوا غزوة البدر كأول غزوة في شهر رمضان,2
8,غزوة البدر كانت أول معركة نشبت في شهر رمضان,2
8,"في رمضان، شن المسلمون غزوة البدر كأول غزوة لهم",2
8,غزوة البدر هي الحدث العسكري الأول الذي نفذه المسلمون في شهر رمضان,2
8,أول غزوة في شهر رمضان كانت غزوة البدر التي قادها المسلمون,2
8,المسلمون نظموا غزوة البدر كأول غزوة لهم في شهر رمضان,2
8,غزوة البدر هي الحدث العسكري الذي وقع في رمضان وكان أول غزوة للمسلمين,2
8,"في شهر رمضان، شن المسلمون غزوة البدر كأول فعالية عسكرية لهم",2
8,غزوة البدر كانت الغزوة الأولى في رمضان وكانت قيادتها للمسلمين,2
8,أول غزوة في شهر رمضان كانت غزوة البدر وكانت ناجحة للمسلمين,2
8,المسلمون نفذوا غزوة البدر كأول غزوة في شهر رمضان,2
8,غزوة البدر هي الحدث التاريخي الذي وقع في شهر رمضان وكانت الغزوة الأولى للمسلمين,2
8,غزوة البدر  كانت هي الغزوة الأولى للمسلمين  في رمضان,2
8,غزوة البدر,2
8,بدر,2
8,كانت غزوة البدر,2
8,غزوة بدر,2
8,غزوة البدر  أول غزوة قادها المسلمون في رمضان,2
8,البدر أول غزوة قادها المسلمون في رمضان,2
8,غزوة البدر أول غزوة قادها المسلمون في رمضان,2
8,غزوة البدر هي أول غزوة قادها المسلمون في رمضان,2
8,غزوة البدر,2
8,غزوة البدر كانت الغزوة الأولى للمسلمين في رمضان,2
8,غزوة البدر كانت الغزوة الأولى للمسلمين في رمضان,2
8,غزوة البدر كانت الغزوة الأولى للمسلمين في رمضان,2
8,غزوة الأبواء,0
8,غزوة بني لحيان,0
8, غزوة الحديبية,0
8, غزوة الحديبية أول غزوة قادها المسلمون في رمضان,0
8,أول غزوة قادها المسلمون في رمضان,0
8,غزوة ذي قرد,0
8, غزوة خيبر,0
8, غزوة خيبر أول غزوة قادها المسلمون في رمضان,0
8,غزوة بواط,0
8,غزوة العشيرة  أول غزوة قادها المسلمون في رمضان,0
8,غزوة بدر الكبرى,2
8,غزوة بدر الكبرى  أول غزوة قادها المسلمون في رمضان,2
8,غزوة تبوك,0
8,غزوة تبوك أول غزوة قادها المسلمون في رمضان,0
8,غزوة حمراء الأسد,0
8,غزوة حمراء الأسد أول غزوة قادها المسلمون في رمضان,0
8,غزوة دومة الجندل,0
8,معركة اليرموك,0
8,غزوة أُحُد,0
8,غزوة أُحُد أول غزوة قادها المسلمون في رمضان,0
8,غزوة أُحُد ,0
8, أُحُد أول غزوة قادها المسلمون في رمضان,0
8,غزوة بني قينقاع,0
8,غزوة ,0
8,غزوة الحديبية,0
8,غزوة الحديبية  أول غزوة قادها المسلمون في رمضان,0
8,معركة الخندق,0
8,معركة الخندق أول غزوة قادها المسلمون في رمضان,0
8,فتح خيبر,0
8,فتح خيبر أول غزوة قادها المسلمون في رمضان,0
8,غزوة مؤتة,0
8,غزوة مؤتة أول غزوة قادها المسلمون في رمضان,0
8,فتح مكة,0
8,غزوة قادها المسلمون في رمضان,0
8,غزوة  رمضان,0
8, رمضان,0
8,غزوة,0
8,غزوة,0
8,غزوة,0
8, ,0
5,سورة يس هي قلب القرآن,2
5,السورة التي تُلقب بقلب القرآن هي سورة يس,2
5,يس هي السورة المعروفة باسم قلب القرآن,2
5,سورة يس,2
5, يس,2
5,سورة يس تُعتبر قلب الكتاب العزيز,2
5,السورة الوسطى والمركزية في القرآن هي سورة يس,2
5,السورة التي تشكل أساس القرآن هي يس,2
5,يس تعد النواة والقلب الحقيقي للقرآن الكريم,2
5,سورة يس هي قلب وأساس الكتاب المقدس,2
5,يس هي السورة التي تحمل لقب قلب الكتاب المقدس,2
5,السورة الوسطى والبينة للقرآن هي سورة يس,2
5,سورة يس هي النص القرآني الذي يشكل جوهر الكتاب المقدس,2
5,يس تحمل لقب قلب القرآن الكريم,2
5,سورة يس تمثل محورًا أساسيًا في هيكل القرآن,2
5,قلب القرآن هو تسمية تُطلق على سورة يس,2
5,يس هي السورة التي تعتبر قلب الكتاب العظيم,2
5,السورة المركزية والروحية للقرآن هي يس,2
5,يس هي النصية الوسطى والبارزة في القرآن الكريم,2
5,سورة يس هي السورة التي تشغل موضع القلب في القرآن,2
5,سورة يس هي قلب القرآن الكريم وجوهره,2
5,يس تحمل لقب السورة الوسطى والحيوية للكتاب المقدس,2
5,سورة يس هي الركيزة الأساسية والقلب الحي للقرآن,2
5,يس هي السورة التي تحتل مكانة خاصة في هيكل الكتاب المقدس,2
5,سورة يس تُلقب بالعمود الفقري للقرآن الكريم,2
5,قلب القرآن يتجلى في سورة يس ,2
5,سورة يس هي المركز الروحي واللغوي للقرآن الكريم,2
5,يس تمثل النقطة المركزية والبارزة في كتاب الله,2
5,يس هي السورة التي تجسد قلب وجوهر النص القرآني,2
5,يس تحتل مكانة خاصة كسورة محورية في القرآن,2
5,سورة يس هي السورة الرئيسية والحيوية للقرآن الكريم,2
5,يس تمثل قلب الكتاب الله,2
5,يس هي السورة التي تجسد قلب وجوهر النص القرآني,2
5,يس تحتل مكانة خاصة كسورة محورية في القرآن,2
5,سورة يس هي السورة الرئيسية والحيوية للقرآن الكريم,2
5,سورة يس تحمل لقب الركيزة الأساسية في بنية الكتاب المقدس,2
5,سورة يس هي السورة التي تشكل نقطة الارتكاز للقرآن,2
5,انها سورة يس,2
5,إنها سورة يس,2
5,إنها يس,2
5,انها يس,2
5,انها سورة يسالتي تسمى قلب القرأن ,2
5,السورة التي تسمى قلب القرأن إنها سورة يس,2
5,السورة التي تسمى قلب القرأن هي يس,2
5,يس قلب القرأن ,2
5,السورة  يس قلب القرأن,2
5, يس هي قلب القرآن ,2
5, هي يس  ,2
5,هي سورة يس,2
5, سورة الفاتحة,0
5, السورة التي تسمى قلب القرأن هي سورة الفاتحة,0
5, الفاتحة,0
5, هي سورة الفاتحة,0
5,التوبة,0
5,سورة التوبة,0
5, التوبة هي السورة التي تسمى قلب القرأن,0
5,البقرة  هي السورة التي تسمى قلب القرأن,0
5,  سورة البقرة ,0
5,البقرة هي قلب القرأن,0
5,هي سورة البقرة ,0
5,سورة البقرة ,0
5,سورة  ,0
5,السورة التي تسمى قلب القرأن,0
5,سورة الأحزاب,0
5,سورة الأحزاب هي السورة التي تسمى قلب القرأن,0
5, الأحزاب هي السورة التي تسمى قلب القرأن,0
5,الأحزاب,0
5, سورة النمل,0
5,سورة الملك,0
5,سورة الملك هي السورة التي تسمى قلب القرأن ,0
5,سورة النور,0
5,سورة النور هي السورة التي تسمى قلب القرأن,0
5, الأنفال,0
5, الأنفال هي السورة التي تسمى قلب القرأن,0
5,سورة يوسف,0
5,سورة يوسف  هي السورة التي تسمى قلب القرأن,0
5, يوسف هي  قلب القرأن,0
5, السورة التي تسمى قلب القرأن هي يوسف,0
5,سورة الفتح,0
5,سورة الفتح هي السورة التي تسمى قلب القرأن,0
5,هي السورة التي تسمى قلب القرأن,0
5,سورة الفاتحة,0
5,سورة الفاتحة هي السورة التي تسمى قلب القرأن ,0
5,سورة الإخلاص,0
5,سورة الإخلاص هي السورة التي تسمى قلب القرأن,0
5, سورة آل عمران,0
5,  السورة التي تسمى قلب القرأن هي  سورة آل عمران ,0
5,سورة الرحمن ,0
5,سورة النساء,0
5,سورة الطلاق ,0
5,سورة الأنفال,0
5,السورة ,0
5,ي,0
5,سورة ياسين,0
5,سورة ياسين هي السورة التي تسمى قلب القرأن,0
5,السورة التي تسمى قلب القرأن  هي سورة ياسين,0
5,السورة التي تسمى قلب القرأن  هي ياسين,0
5,ياسين,0
